id,title,description,link,image_link,additional_image_link,availability,price,brand,gtin,mpn,condition,product_type,identifier_exists
3,AEG 47056VS-WN Cocina vitrocerámica con horno multifunción,"La cocina AEG 47056VS-WN combina una placa vitrocerámica de 4 zonas con un horno multifunción de aire caliente de gran capacidad (74 L). El sistema Hot Air garantiza una circulación uniforme del aire caliente en toda la cavidad del horno, logrando resultados homogéneos en cada nivel. La zona de cocción múltiple de la placa está pensada para adaptarse a distintos tamaños de sartenes y ollas especiales, permitiendo resultados profesionales. Los mandos giratorios son retráctiles, quedando completamente integrados en la superficie para facilitar la limpieza. Además, incorpora el visor de temporizador UniSight, que ofrece de un vistazo información completa sobre el estado de cocción de los platos. Fabricada en acero inoxidable, esta cocina de clase energética A es una opción robusta y funcional para cocinas familiares.",https://www.electro-domesticos.com/produit/aeg-47056vs-wn-cocina-vitroceramica-con-horno-multifuncion,https://www.electro-domesticos.com/electro-products/products/1789263994024-549391.webp,"https://www.electro-domesticos.com/electro-products/products/1789263994370-625165.webp,https://www.electro-domesticos.com/electro-products/products/1789263994661-66750.webp,https://www.electro-domesticos.com/electro-products/products/1789263994923-671840.webp,https://www.electro-domesticos.com/electro-products/products/1789263995202-680285.webp,https://www.electro-domesticos.com/electro-products/products/1789263995395-244963.webp,https://www.electro-domesticos.com/electro-products/products/1789263995718-895913.webp,https://www.electro-domesticos.com/electro-products/products/1789263995956-7251.webp,https://www.electro-domesticos.com/electro-products/products/1789263996097-587179.webp",in_stock,417.20 EUR,AEG,7332543657339,47056VS-WN,new,four-plaque,
30,AIRMSEN Mini lavavajillas de sobremesa 7+2 programas,"Este mini lavavajillas de sobremesa AIRMSEN, con sistema de ablandamiento de agua incorporado, está pensado para quienes buscan una solución flexible y compacta, ya sea en un apartamento pequeño, una casa de vacaciones o una autocaravana. Su cuerpo delgado ocupa poco espacio en la encimera, mientras que su interior de dos niveles y 5 posiciones permite alojar más de 40 piezas de vajilla, resultando ideal para hogares de 5-6 personas. Retirando la cesta superior, es posible cargar platos de hasta 300 mm de diámetro. Incorpora un compartimento especial para sal regeneradora, que ayuda a reducir la cal y mejorar los resultados de lavado. Puede funcionar tanto con conexión directa al grifo como sin ella, gracias a su depósito de agua integrado de 5 litros, y ofrece 7 programas de lavado más 2 funciones adicionales para adaptarse a distintas necesidades del día a día.",https://www.electro-domesticos.com/produit/airmsen-mini-lavavajillas-de-sobremesa-7-2-programas,https://www.electro-domesticos.com/electro-products/products/1789381927170-213077.webp,,in_stock,289.00 EUR,AIRMSEN,,,new,lave-vaisselle,no
29,AIRMSEN Mini lavavajillas de sobremesa 8 programas,"El mini lavavajillas de sobremesa AIRMSEN está pensado para espacios reducidos como apartamentos pequeños, estudios o autocaravanas, sin necesidad de instalación fija. Incorpora un depósito de agua integrado de 5 litros, así como un adoucisseur (ablandador) de agua que reduce la acumulación de cal, mejora la potencia de limpieza y prolonga la vida útil del aparato. Cuenta con 8 programas de lavado adaptados a distintas necesidades, desde ciclos rápidos hasta intensivos, además de un modo de autolimpieza y secado por aire caliente seguido de 72 horas de ventilación para evitar malos olores. Su panel táctil con pantalla LED facilita el control de los ciclos, mientras que funciones adicionales como el inicio diferido (de 1 a 18 horas) y el bloqueo infantil aportan mayor comodidad y seguridad en el uso diario.",https://www.electro-domesticos.com/produit/airmsen-mini-lavavajillas-de-sobremesa-8-programas,https://www.electro-domesticos.com/electro-products/products/1789381446893-800460.webp,,in_stock,263.00 EUR,AIRMSEN,,,new,lave-vaisselle,no
2,AURAKICH Horno empotrable 70L + Placa vitrocerámica 6600W,"El set AURAKICH combina un horno empotrable de 70 litros con tecnología de aire caliente 4D y una placa vitrocerámica autosuficiente de 4 fuegos con zonas doble redonda y ovalada. El horno ofrece 8 modos de cocción, incluyendo pizza y grill ventilado, garantizando una distribución uniforme del calor en toda la cavidad para resultados perfectos en pasteles, asados o pizzas. La placa vitrocerámica entrega hasta 6600 W de potencia repartidos en zonas de calentamiento generosas, con superficie de cristal resistente a arañazos, fácil de limpiar y compatible con todo tipo de utensilios de cocina. El conjunto presenta un diseño uniforme y elegante, ideal para una cocina moderna integrada, e incluye protección extendida de 3+2 años.",https://www.electro-domesticos.com/produit/aurakich-horno-empotrable-70l-placa-vitroceramica-6600w,https://www.electro-domesticos.com/electro-products/products/1789263080027-882026.webp,,in_stock,90.00 EUR,AURAKICH,8412345600029,RF-CN360,new,four-plaque,
8,Ariete 917 Horno para pizza eléctrico Negro,"El horno para pizza Ariete 917 permite disfrutar de una auténtica pizza casera en tan solo 4 minutos (o 2-3 minutos si es congelada), gracias a su piedra refractaria de alta calidad de 32 cm de diámetro con tratamiento antiadherente. Alcanza una temperatura máxima de 400 °C y cuenta con 5 niveles de cocción regulables mediante termostato, ideal para conseguir una pizza napolitana con la base crujiente típica de los hornos de leña. Además de pizzas, también es perfecto para calentar cruasanes, cocinar focaccias, tartas, galletas y otros productos de repostería. Incluye palas de madera para manipular la masa cruda y cocida con facilidad, y su diseño compacto en color negro lo hace fácil de guardar y usar en cualquier cocina.",https://www.electro-domesticos.com/produit/ariete-917-horno-para-pizza-electrico-negro,https://www.electro-domesticos.com/electro-products/products/1789372908625-307412.webp,"https://www.electro-domesticos.com/electro-products/products/1789372908950-325827.webp,https://www.electro-domesticos.com/electro-products/products/1789372909315-361764.webp,https://www.electro-domesticos.com/electro-products/products/1789372909650-369325.webp,https://www.electro-domesticos.com/electro-products/products/1789372910070-789289.webp,https://www.electro-domesticos.com/electro-products/products/1789372910347-444259.webp",in_stock,84.99 EUR,Ariete,8003705120679,00C091700AR0,new,four-plaque,
10,BEHOME Horno eléctrico 70L con asador giratorio Negro,"El horno eléctrico BEHOME de 70 litros combina función de convección (chaleur tournante) con asador giratorio, ideal para asar pollos y carnes de forma homogénea. Alcanza una temperatura máxima de 320 °C, permitiendo grillar, ventilar y asar en un único aparato, ahorrando tiempo frente a otros métodos de cocción más lentos. Su doble cristal resistente retiene bien el calor, alcanzando rápidamente la temperatura deseada y manteniéndola incluso después de apagar el horno. El revestimiento interior facilita la limpieza, evitando que la suciedad y las salpicaduras se adhieran a las paredes. Incluye una bandeja rectangular, una bandeja redonda y una rejilla grill, cubriendo así distintas necesidades de cocción en un solo electrodoméstico de acabado negro esmaltado.",https://www.electro-domesticos.com/produit/behome-horno-electrico-70l-con-asador-giratorio-negro,https://www.electro-domesticos.com/electro-products/products/1789373218970-969549.webp,"https://www.electro-domesticos.com/electro-products/products/1789373219249-317964.webp,https://www.electro-domesticos.com/electro-products/products/1789373219511-44694.webp,https://www.electro-domesticos.com/electro-products/products/1789373219735-56084.webp,https://www.electro-domesticos.com/electro-products/products/1789373219926-748579.webp,https://www.electro-domesticos.com/electro-products/products/1789373220191-74413.webp",in_stock,80.00 EUR,BEHOME,8412345600104,FSV70,new,four-plaque,
13,Beko BMX7126DB Lavadora 7kg 1200rpm Blanco,"La lavadora Beko BMX7126DB es un modelo de carga frontal e instalación libre, con una capacidad de 7 kg, ideal para familias de 3-4 personas. Incorpora un motor inverter (ProSmart Inverter) que garantiza un funcionamiento silencioso, eficiente y de larga duración, junto con la tecnología de vapor SteamCure, que suaviza las fibras textiles y facilita la eliminación de manchas. Con una velocidad máxima de centrifugado de 1200 rpm y clase energética A, ofrece un consumo de agua y energía reducido sin renunciar a un lavado eficaz. Cuenta con una amplia pantalla digital, 15 programas de lavado y un diseño moderno en blanco con puerta negra, que se adapta fácilmente a cualquier espacio del hogar.",https://www.electro-domesticos.com/produit/beko-bmx7126db-lavadora-7kg-1200rpm-blanco,https://www.electro-domesticos.com/electro-products/products/1791211267603-956894.webp,,in_stock,379.00 EUR,Beko,8690842875403,BMX7126DB,new,lave-linge,
23,Beko DVS05024W Lavavajillas 45cm 10 cubiertos Blanco,"El lavavajillas Beko DVS05024W es un modelo compacto de 45 cm de ancho, pensado para cocinas con espacio reducido sin renunciar a una capacidad óptima de 10 cubiertos. Su cuba de acero inoxidable es resistente a arañazos, manchas y olores, garantizando durabilidad a largo plazo. El programa Quick&Shine asegura un lavado y secado perfecto (clase A) en solo 58 minutos, consumiendo menos de 12 litros de agua. Gracias al inicio diferido de 3, 6 o 9 horas, es posible programar el lavado en horas valle para ahorrar en la factura eléctrica. La opción de media carga permite optimizar el consumo de agua y electricidad cuando hay poca vajilla que lavar, mientras que la compatibilidad con pastillas ""todo en uno"" simplifica el uso diario. Beko garantiza además la disponibilidad de piezas de repuesto durante 11 años desde la fecha de compra.",https://www.electro-domesticos.com/produit/beko-dvs05024w-lavavajillas-45cm-10-cubiertos-blanco,https://www.electro-domesticos.com/electro-products/products/1789377502738-367974.webp,"https://www.electro-domesticos.com/electro-products/products/1789377503033-404331.webp,https://www.electro-domesticos.com/electro-products/products/1789377503351-742243.webp,https://www.electro-domesticos.com/electro-products/products/1789377503581-361645.webp,https://www.electro-domesticos.com/electro-products/products/1789377503848-325383.webp",in_stock,367.04 EUR,Beko,8690842392269,DVS05024W,new,lave-vaisselle,
6,Beko FSS57100GW Cocina vitrocerámica 60L 4 fuegos Blanco,"La cocina Beko FSS57100GW es un modelo independiente de 50 cm de ancho, con placa vitrocerámica de 4 zonas y horno eléctrico de convección natural con una capacidad de 60 litros. Cuenta con función grill fuerte y suave, iluminación interior para controlar la cocción sin abrir la puerta, y paredes catalíticas autolimpiantes que absorben la grasa a partir de 180 °C, reduciendo el esfuerzo de limpieza. La puerta de vidrio completo es fácil de limpiar y desmontable para un mantenimiento más cómodo. Incluye un compartimento de almacenamiento en la parte inferior para guardar utensilios, minutero de corte automático para programar la cocción y testigos de calor residual que avisan cuando las superficies siguen calientes. Su diseño compacto en color blanco resulta ideal para cocinas de tamaño reducido.",https://www.electro-domesticos.com/produit/beko-fss57100gw-cocina-vitroceramica-60l-4-fuegos-blanco,https://www.electro-domesticos.com/electro-products/products/1789372537539-900901.webp,https://www.electro-domesticos.com/electro-products/products/1789372537875-116742.webp,in_stock,338.00 EUR,Beko,8690842120220,FSS57100GW,new,four-plaque,
61,Bestron AKC200 Mini Picadora Eléctrica,"Picadora eléctrica multifuncional para picar, hacer puré y mezclar sin esfuerzo cebollas, verduras, frutos secos, salsas, vinagretas, hierbas de cocina, comida para bebés, entre otros. Cuenta con dos cuchillas de acero inoxidable que pueden usarse individualmente o juntas, un motor potente de 400 W y un bol mezclador de plástico con capacidad de 500 ml, con tapa protectora antisalpicaduras y marcas de medición.",https://www.electro-domesticos.com/produit/bestron-akc200-mini-picadora-electrica,https://www.electro-domesticos.com/electro-products/products/1789416778354-132683.webp,"https://www.electro-domesticos.com/electro-products/products/1789416778810-245958.webp,https://www.electro-domesticos.com/electro-products/products/1789416779166-171418.webp,https://www.electro-domesticos.com/electro-products/products/1789416779469-623654.webp",in_stock,20.00 EUR,Bestron,8712184055999,AKC200,new,petit-cuisine,
25,Bomann GSPE7421VI Lavavajillas encastrable 60cm Blanco,"El lavavajillas Bomann GSPE7421VI es un modelo encastrable de 60 cm con capacidad para 14 cubiertos, pensado para cubrir las necesidades de una familia estándar sin necesidad de instalación premium. Su cuba de acero inoxidable garantiza durabilidad y resistencia frente al uso diario. Cuenta con 5 programas de lavado que cubren desde ciclos intensivos hasta opciones más económicas, adaptándose a distintos tipos de vajilla y niveles de suciedad. Su bajo consumo de agua, de solo 11 litros por ciclo, junto con su clase de eficiencia energética D, lo convierten en una opción responsable con el consumo doméstico. Incorpora pantalla LED para el control del ciclo, inicio diferido para programar el lavado en el horario más conveniente, y un nivel de ruido moderado de 47 dB que lo hace apto para cocinas abiertas al salón. Su diseño discreto en blanco se integra fácilmente bajo cualquier encimera.",https://www.electro-domesticos.com/produit/bomann-gspe7421vi-lavavajillas-encastrable-60cm-blanco,https://www.electro-domesticos.com/electro-products/products/1789377977509-357044.webp,,in_stock,379.90 EUR,Bomann,4004470742107,GSPE7421VI,new,lave-vaisselle,
40,Bomann VS 2195.1 Frigorífico 133L Blanco,"El frigorífico Bomann VS 2195.1 es un modelo independiente sin compartimento congelador, con una capacidad neta de 133 litros, pensado para quienes ya disponen de un congelador aparte o simplemente necesitan almacenamiento en frío adicional. Su sistema de refrigeración estático garantiza un funcionamiento fiable, mientras que su termostato es regulable de forma continua para ajustar la temperatura según las necesidades. El interior cuenta con 3 clayettes de vidrio templado, 1 bac transparente para verduras con tapa de vidrio, 3 compartimentos en la puerta y 2 hueveras, ofreciendo un almacenamiento organizado y versátil. Su iluminación interior LED asegura una visibilidad clara del contenido, y sus pies regulables garantizan una instalación estable en cualquier superficie. Con bisagra de puerta a la derecha (reversible) y un acabado en blanco discreto, este frigorífico compacto resulta ideal para pequeños espacios o como electrodoméstico adicional.",https://www.electro-domesticos.com/produit/bomann-vs-2195-1-frigorifico-133l-blanco,https://www.electro-domesticos.com/electro-products/products/1789412284787-964381.webp,"https://www.electro-domesticos.com/electro-products/products/1789412285031-433927.webp,https://www.electro-domesticos.com/electro-products/products/1789412285132-745385.webp,https://www.electro-domesticos.com/electro-products/products/1789412285314-1196.webp",in_stock,110.00 EUR,Bomann,4004470721959,VS 2195.1 (Art. 721950),new,refrigerateur,
32,Bomann VS 7255 Negro,"Frigorífico sin congelador de Bomann, de 87 litros, eficiente energéticamente, silencioso y compacto, con regulación de temperatura continua de 0°C a +8°C, 3 baldas de vidrio, compartimento transparente para verduras, iluminación LED interior, bisagra de puerta intercambiable y patas ajustables.",https://www.electro-domesticos.com/produit/bomann-vs-7255-negro,https://www.electro-domesticos.com/electro-products/products/1789389300492-217340.webp,,in_stock,189.00 EUR,Bomann,4004470725513,772551,new,refrigerateur,
5,Bompani BO 683 DZ Cocina inox con placa vitrocerámica,"La cocina Bompani BO 683 DZ es un modelo independiente de 90 cm fabricado en acero inoxidable con un diseño de línea técnica (Tech-Line). Incorpora una placa vitrocerámica con 5 zonas de cocción, incluyendo una zona de doble circuito que permite adaptarse a distintos tamaños de recipientes. El horno eléctrico multifunción ofrece varios programas de cocción, con distribución uniforme del calor para resultados homogéneos en gratinados, asados y horneados. Su acabado en acero inoxidable resistente a huellas y su diseño elegante la convierten en una opción robusta y funcional, ideal para cocinas que buscan combinar estética",https://www.electro-domesticos.com/produit/bompani-bo-683-dz-cocina-inox-con-placa-vitroceramica,https://www.electro-domesticos.com/electro-products/products/1789266433476-323257.webp,,in_stock,616.00 EUR,BO 683 DZ,8412345600050,MO-SG25,new,four-plaque,
39,Bosch KIR41NSE0 Frigorífico integrable 204L Serie 2,"El frigorífico Bosch KIR41NSE0, de la Serie 2, es un modelo integrable de una sola puerta sin compartimento congelador, con una capacidad total de 204 litros, ideal para integrarse en muebles de cocina en columna. Incorpora la tecnología FreshSense, con sensores internos y externos que garantizan una temperatura constante en el interior del aparato pese a las variaciones externas, además del sistema EcoAirflow para una circulación de aire optimizada. Cuenta con refrigeración rápida SuperCooling, que reduce la temperatura a 2-3°C para enfriar más rápido los alimentos recién introducidos sin afectar a los que ya están almacenados. Su iluminación interior LED ofrece una visibilidad uniforme y sin deslumbramientos, mientras que sus 5 baldas de vidrio y el cajón Multi Box XXL permiten una organización flexible del espacio. Con un funcionamiento silencioso de solo 35 dB y una clase de eficiencia energética E, este modelo combina discreción, rendimiento y bajo consumo para cualquier cocina moderna.",https://www.electro-domesticos.com/produit/bosch-kir41nse0-frigorifico-integrable-204l-serie-2,https://www.electro-domesticos.com/electro-products/products/1789412165717-521527.webp,"https://www.electro-domesticos.com/electro-products/products/1789412165977-413357.webp,https://www.electro-domesticos.com/electro-products/products/1789412166275-942666.webp,https://www.electro-domesticos.com/electro-products/products/1789412166480-926969.webp",in_stock,450.00 EUR,Bosch,4242005323227,KIR41NSE0,new,refrigerateur,
12,Bosch WAN2827ZFR Lavadora carga frontal 9kg Serie 4,"La lavadora Bosch WAN2827ZFR de la Serie 4 es un modelo de carga frontal con una capacidad de 9 kg, pensada para familias o personas que lavan con frecuencia grandes volúmenes de ropa. Incorpora el motor EcoSilence Drive por inducción, silencioso y con 10 años de garantía, junto con la función Iron Assist, que utiliza vapor para reducir hasta un 50 % las arrugas y facilitar el planchado posterior. La tecnología ActiveWater Plus detecta automáticamente la carga y ajusta el consumo de agua en consecuencia, mientras que la función SpeedPerfect permite acortar los ciclos hasta un 65 % sin perder eficacia de lavado. El sistema Vario Drum distribuye el agua de forma homogénea para un lavado tan eficaz como delicado, y su clase energética A garantiza un consumo responsable. Su diseño en blanco, con pantalla LED y controles táctiles, resulta intuitivo y se adapta fácilmente a cualquier espacio.",https://www.electro-domesticos.com/produit/bosch-wan2827zfr-lavadora-carga-frontal-9kg-serie-4,https://www.electro-domesticos.com/electro-products/products/1789373568423-300098.webp,"https://www.electro-domesticos.com/electro-products/products/1789373568764-84525.webp,https://www.electro-domesticos.com/electro-products/products/1789373569047-163755.webp,https://www.electro-domesticos.com/electro-products/products/1789373569233-319296.webp",in_stock,464.00 EUR,Bosch,4242005536450,WAN2827ZFR,new,lave-linge,
20,Bosch WGB244A2FR Lavadora Serie 8 9kg i-DOS,"La lavadora Bosch WGB244A2FR, de la Serie 8, es un modelo de carga frontal de gama alta con una capacidad de 9 kg, pensado para ofrecer un rendimiento de lavado excelente reduciendo al máximo el consumo energético. Alcanza una clase energética A -50%, es decir, un 50% más eficiente que el límite de la clase A. Incorpora el sistema i-DOS con escaneo de detergente, que dosifica automáticamente la cantidad exacta de lessive y suavizante necesaria, ahorrando agua y producto en cada lavado. La función Iron Assist reduce hasta un 50% las arrugas mediante vapor, mientras que Added Steam disminuye el tiempo de planchado. Gracias a Home Connect, la lavadora puede controlarse y supervisarse a distancia, con acceso a programas adicionales y diagnóstico remoto. El motor EcoSilence Drive por inducción garantiza silencio y una garantía de 10 años, y la tecnología ActiveWater Plus ajusta automáticamente el consumo de agua según la carga detectada.",https://www.electro-domesticos.com/produit/bosch-wgb244a2fr-lavadora-serie-8-9kg-i-dos,https://www.electro-domesticos.com/electro-products/products/1789376378897-524901.webp,"https://www.electro-domesticos.com/electro-products/products/1789376379236-615337.webp,https://www.electro-domesticos.com/electro-products/products/1789376379550-365101.webp,https://www.electro-domesticos.com/electro-products/products/1789376379853-168984.webp",in_stock,849.99 EUR,Bosch,4242005492701,WGB244A2FR,new,lave-linge,
11,Bosch WGE02406FR Lavadora carga frontal 7kg Serie 2,"La lavadora Bosch WGE02406FR de la Serie 2 es un modelo de carga frontal independiente con una capacidad de 7 kg, pensada para el uso diario en hogares de tamaño medio. Incorpora el motor EcoSilence Drive, con tecnología por inducción, que ofrece un funcionamiento silencioso y una garantía de 10 años sobre el motor. Su clase de eficiencia energética A y su bajo consumo de agua y electricidad la convierten en una opción responsable con el medio ambiente y con la factura. La función SpeedPerfect permite reducir la duración de los ciclos hasta un 65 % manteniendo la limpieza, mientras que la opción de añadir ropa durante el ciclo aporta mayor flexibilidad. Cuenta además con múltiples programas de lavado, seguridad para niños y un sistema de diagnóstico visual de errores, ofreciendo un rendimiento fiable respaldado por la reconocida calidad de Bosch.",https://www.electro-domesticos.com/produit/bosch-wge02406fr-lavadora-carga-frontal-7kg-serie-2,https://www.electro-domesticos.com/electro-products/products/1789373390049-226787.webp,"https://www.electro-domesticos.com/electro-products/products/1789373390394-675807.webp,https://www.electro-domesticos.com/electro-products/products/1789373390647-997772.webp,https://www.electro-domesticos.com/electro-products/products/1789373390827-424828.webp",in_stock,499.99 EUR,Bosch,4242005440511,WGE02406FR,new,lave-linge,
21,Candy CF 5C6F0B Lavavajillas 15 cubiertos Negro,"El lavavajillas Candy Rapidò CF 5C6F0B es un modelo independiente con capacidad para 15 cubiertos, diseñado para ofrecer el máximo espacio interior gracias a su cuba Maxi-Tub, la más amplia de su categoría estándar, ideal para lavar incluso utensilios grandes como bandejas de horno o tablas de cortar. Incorpora el innovador motor Speed-Drive Inverter, sin escobillas, que maximiza el rendimiento de limpieza mientras reduce el consumo energético, logrando la clase de eficiencia C. Su función de apertura automática de puerta (Smart Door) se activa durante la fase de secado, dejando la puerta entreabierta unos centímetros para permitir la circulación de aire y un secado natural, optimizando así el consumo energético. Con conectividad Wi-Fi y Bluetooth a través de la app hOn, es posible controlar el lavavajillas a distancia y acceder a programas adicionales. Su acabado en negro y su ciclo Wash & Dry de 35 minutos lo convierten en una opción práctica y moderna para el día a día.",https://www.electro-domesticos.com/produit/candy-cf-5c6f0b-lavavajillas-15-cubiertos-negro,https://www.electro-domesticos.com/electro-products/products/1789376718726-847572.webp,,in_stock,372.70 EUR,Candy,8059019063591,CF 5C6F0B,new,lave-vaisselle,
18,Candy CW50-BP12307U1-S Mini lavadora 5kg Blanca,"La lavadora Candy CW50-BP12307U1-S, de la gama Mini ProWash 700, es una solución compacta pensada para espacios reducidos como apartamentos pequeños o lavaderos estrechos, sin renunciar al rendimiento. Con una capacidad de 5 kg, cuenta con un amplio tambor de acero inoxidable de 32 litros con superficie tipo cojín, que permite que la ropa se deslice con suavidad, cuidando especialmente los tejidos delicados. Su motor por inducción asegura un funcionamiento silencioso y eficiente en consumo energético, mientras que el Pack de Higiene elimina hasta el 99,8% de las bacterias en el sello de la puerta y el cajón de detergente. La conectividad Wi-Fi y Bluetooth, junto con la app hOn, permite acceder a programas adicionales y consejos prácticos. Su diseño en blanco con ojo de buey negro y panel táctil se adapta fácilmente a cualquier rincón del hogar.",https://www.electro-domesticos.com/produit/candy-cw50-bp12307u1-s-mini-lavadora-5kg-blanca,https://www.electro-domesticos.com/electro-products/products/1789374562597-372774.webp,"https://www.electro-domesticos.com/electro-products/products/1789374563007-841322.webp,https://www.electro-domesticos.com/electro-products/products/1789374563404-642876.webp,https://www.electro-domesticos.com/electro-products/products/1789374563639-378975.webp,https://www.electro-domesticos.com/electro-products/products/1789374563868-119391.webp,https://www.electro-domesticos.com/electro-products/products/1789374564001-684694.webp",in_stock,489.00 EUR,Candy,8059019106113,CW50-BP12307U1-S,new,lave-linge,
14,Candy EWY 4106G8-S Lavadora-secadora 10kg/6kg,"La lavadora-secadora Candy EWY 4106G8-S es un electrodoméstico 2 en 1 pensado para simplificar el día a día, con una gran capacidad de 10 kg en lavado y 6 kg en secado, ideal para familias numerosas y hogares muy activos. Su motor inverter garantiza un funcionamiento silencioso, duradero y eficiente energéticamente. Gracias a la tecnología ProActive EcoWash, el aparato pulveriza una mezcla precisa de agua y detergente directamente sobre la ropa, logrando la máxima eficacia con un consumo reducido. El Pack de Higiene elimina hasta un 99,8% de las bacterias en zonas sensibles como la junta de la puerta y la bandeja de detergente, garantizando una limpieza impecable ciclo tras ciclo. La función de vapor integrada reduce las arrugas, facilita el planchado y elimina los malos olores, mejorando además la higiene de los tejidos. Con 12 programas, pantalla LED y centrifugado de hasta 1400 rpm, este modelo ofrece un manejo intuitivo y un rendimiento fiable, testado para durar hasta 20 años.",https://www.electro-domesticos.com/produit/candy-ewy-4106g8-s-lavadora-secadora-10kg-6kg,https://www.electro-domesticos.com/electro-products/products/1789373987701-484773.webp,"https://www.electro-domesticos.com/electro-products/products/1789373988071-809641.webp,https://www.electro-domesticos.com/electro-products/products/1789373988298-6055.webp,https://www.electro-domesticos.com/electro-products/products/1789373988498-609870.webp",in_stock,799.00 EUR,Candy,,EWY 4106G8-S,new,lave-linge,
15,Candy EWY485SG8-S Lavadora-secadora 8kg/5kg,"La lavadora-secadora Candy EWY485SG8-S, de la gama ProWash&Dry 700, combina rendimiento y comodidad para simplificar la colada diaria. Con una capacidad de 8 kg en lavado y 5 kg en secado, se adapta perfectamente a las necesidades de las familias. Su motor Inverter BPM asegura una velocidad de centrifugado máxima de 1400 rpm con resultados óptimos, mientras que la conectividad Wi-Fi y Bluetooth a través de la app hOn permite controlar y seguir los ciclos de lavado a distancia desde el smartphone. La tecnología ProActive EcoWash pulveriza la mezcla ideal de agua y detergente directamente sobre la ropa, garantizando resultados impecables en cada lavado. El Pack de Higiene elimina hasta el 99,8% de las bacterias en la junta de la puerta y el cajón de detergente, mientras que la función de vapor al final del ciclo reduce las arrugas, facilita el planchado y elimina malos olores. Su interfaz LCD Dot Matrix da acceso a 16 programas, incluyendo un enjuague extra y un inicio diferido de hasta 24 horas, todo en un diseño elegante en blanco con puerta negra.",https://www.electro-domesticos.com/produit/candy-ewy485sg8-s-lavadora-secadora-8kg-5kg,https://www.electro-domesticos.com/electro-products/products/1789374098384-54020.webp,"https://www.electro-domesticos.com/electro-products/products/1789374098649-773099.webp,https://www.electro-domesticos.com/electro-products/products/1789374098866-987009.webp",in_stock,399.00 EUR,Candy,8059019127118,EWY485SG8-S,new,lave-linge,
16,Candy GWD485SB6-S Lavadora-secadora 8kg/5kg,"La lavadora-secadora Candy GWD485SB6-S, de la gama ProWash&Dry 300, está diseñada para simplificar el día a día garantizando un cuidado óptimo de la ropa. Con una capacidad de 8 kg en lavado y 5 kg en secado, se adapta perfectamente a las necesidades de un hogar moderno. Incorpora la tecnología ProActive EcoWash, que pulveriza una mezcla precisa de agua y detergente directamente sobre las fibras para lograr un lavado impecable incluso a bajas temperaturas. Su Pack de Higiene garantiza una limpieza óptima gracias a un tratamiento que elimina el 99,8% de las bacterias en las zonas más sensibles del aparato. La función vapor, integrada al final del ciclo, reduce las arrugas, disminuye el tiempo de planchado y elimina los malos olores, reforzando además la higiene de los tejidos. Su tambor de acero inoxidable de 56 L y su amplio ojo de buey (hublot XXL) ofrecen comodidad de uso, mientras que el motor inverter aporta robustez, silencio y eficiencia en cada ciclo.",https://www.electro-domesticos.com/produit/candy-gwd485sb6-s-lavadora-secadora-8kg-5kg,https://www.electro-domesticos.com/electro-products/products/1789374213704-860377.webp,"https://www.electro-domesticos.com/electro-products/products/1789374213936-951323.webp,https://www.electro-domesticos.com/electro-products/products/1789374214289-643527.webp,https://www.electro-domesticos.com/electro-products/products/1789374214528-427982.webp,https://www.electro-domesticos.com/electro-products/products/1789374214685-157524.webp,https://www.electro-domesticos.com/electro-products/products/1789374214842-469880.webp",in_stock,350.00 EUR,Candy,8059019115429,GWD485SB6-S,new,lave-linge,
9,Cecotec Bolero Hexa C136000 Horno integrable 77L Negro,"El horno integrable Cecotec Bolero Hexa C136000 Glass Black Time combina tecnología avanzada con un diseño elegante en cristal negro. Con una capacidad XXL de 77 litros y 5 posiciones de bandejas, está pensado para cocinar para toda la familia sin renunciar a la eficiencia. Su sistema Steam Base X2 incorpora una doble zona de vapor, que permite tanto la limpieza automática Steam EasyClean como la cocción combinada Steam Assist, ideal para conseguir platos crujientes por fuera y jugosos por dentro. La puerta Triple Glass mantiene la superficie exterior fría al tacto, evitando quemaduras y mejorando la eficiencia energética, mientras que el sistema Cooling Fan reduce la condensación y el exceso de temperatura. Con una potencia de 2800 W y clase energética A, ofrece resultados rápidos y un consumo responsable, incorporando también minutero y luz interior para un control total de la cocción.",https://www.electro-domesticos.com/produit/cecotec-bolero-hexa-c136000-horno-integrable-77l-negro,https://www.electro-domesticos.com/electro-products/products/1789373075361-428909.webp,"https://www.electro-domesticos.com/electro-products/products/1789373075638-825498.webp,https://www.electro-domesticos.com/electro-products/products/1789373075916-774621.webp,https://www.electro-domesticos.com/electro-products/products/1789373076243-694753.webp",in_stock,169.00 EUR,Cecotec,8412345600098,02292,new,four-plaque,
47,Cecotec Conga M10 X-Treme Robot Aspirador,"Robot aspirador y fregona con navegación giroscópica ordenada que limpia cada estancia de forma eficiente. Con 2000 Pa de potencia de succión, barre, aspira, friega y pasa la mopa en un solo recorrido, cubriendo hasta 120 m² con 120 minutos de autonomía. Su diseño compacto de 300 mm de diámetro y solo 80 mm de altura le permite limpiar bajo muebles y en espacios estrechos.",https://www.electro-domesticos.com/produit/cecotec-conga-m10-x-treme-robot-aspirador,https://www.electro-domesticos.com/electro-products/products/1789414560132-579125.webp,"https://www.electro-domesticos.com/electro-products/products/1789414560462-627890.webp,https://www.electro-domesticos.com/electro-products/products/1789414560717-488415.webp,https://www.electro-domesticos.com/electro-products/products/1789414560918-902029.webp",in_stock,70.00 EUR,Cecotec,,A01_EU01_119134,new,aspirateur,
55,Cecotec ProClean 2010 Microondas,"Microondas de 20 litros con diseño compacto que se adapta a cualquier cocina, sin grill. Incorpora la tecnología 3DWave, un sistema de ondas eficiente que envuelve al 100% los alimentos para un calentamiento uniforme. Cuenta con 700 W de potencia en 6 niveles, modo de descongelación adaptable a cualquier alimento, mandos giratorios mecánicos y temporizador de hasta 30 minutos con aviso acústico de fin de cocción.",https://www.electro-domesticos.com/produit/cecotec-proclean-2010-microondas,https://www.electro-domesticos.com/electro-products/products/1789415776062-479901.webp,"https://www.electro-domesticos.com/electro-products/products/1789415776295-789239.webp,https://www.electro-domesticos.com/electro-products/products/1789415776493-419730.webp,https://www.electro-domesticos.com/electro-products/products/1789415776678-954719.webp",in_stock,50.00 EUR,Cecotec,8435484015875,01587 / ProClean 2010,new,micro-ondes,
51,Cecotec ProClean 3040 Mirror Microondas,"Microondas de 20 litros de capacidad con revestimiento interior Ready2Clean, antibacteriano y antiadherente, que facilita la limpieza. Diseño negro elegante con frontal MirrorDoor efecto espejo y detalles metalizados. Incorpora la tecnología 3DWave, que envuelve al 100% los alimentos para un calentamiento uniforme sin puntos fríos, con 700 W de potencia en 6 niveles y modo de descongelación eficiente. Controles manuales giratorios y temporizador de hasta 30 minutos con aviso acústico al finalizar.",https://www.electro-domesticos.com/produit/cecotec-proclean-3040-mirror-microondas,https://www.electro-domesticos.com/electro-products/products/1789415343034-997659.webp,"https://www.electro-domesticos.com/electro-products/products/1789415343360-926437.webp,https://www.electro-domesticos.com/electro-products/products/1789415343555-591172.webp,https://www.electro-domesticos.com/electro-products/products/1789415343741-545478.webp",in_stock,54.00 EUR,Cecotec,8435484015264,01526 / ProClean 3040 Mirror,new,micro-ondes,
52,Comfee CM-M202CC(BK) Microondas,"Microondas compacto de 20 litros con control manual, diseñado para cocinas pequeñas, estudios o residencias universitarias. Con 700 W de potencia y 5 niveles de cocción, incluye función de descongelación rápida. Su carcasa negra duradera y resistente a arañazos, junto con sus dimensiones compactas (440 x 335,9 x 259 mm), le permite encajar bajo armarios mientras admite platos de hasta 9 pulgadas. Consume un 15% menos de energía que los modelos estándar de su categoría.",https://www.electro-domesticos.com/produit/comfee-cm-m202cc-bk-microondas,https://www.electro-domesticos.com/electro-products/products/1789415478420-987490.webp,,in_stock,54.99 EUR,,0696593939379,CM-M202CC(BK),new,micro-ondes,
56,Comfee CM-M202CC(WH) Microondas Compacto Blanco,"Microondas compacto de 20 litros con control manual, diseñado para cocinas pequeñas, apartamentos, estudios o residencias universitarias. Con 700 W de potencia y 5 niveles de cocción, incluye función de descongelación rápida. Su carcasa blanca duradera y resistente a arañazos, junto con sus dimensiones compactas (440 x 335,9 x 259 mm), le permite encajar bajo armarios mientras admite platos de hasta 9 pulgadas. Consume un 15% menos de energía que los modelos estándar de su categoría.",https://www.electro-domesticos.com/produit/comfee-cm-m202cc-wh-microondas-compacto-blanco,https://www.electro-domesticos.com/electro-products/products/1791211369408-149594.webp,,in_stock,46.00 EUR,Comfee,805270516846,CM-M202CC(WH),new,micro-ondes,
58,Comfee CMO-M202NC(CM) Microondas Vintage Retro,"Microondas de estilo vintage retro con acabado color crema albaricoque, de 20 litros de capacidad, ideal para cocinas pequeñas, dormitorios, estudios, caravanas u oficinas. Cuenta con 700 W de potencia, 5 niveles de cocción, controles simples y sencillos, temporizador ajustable de 0 a 35 minutos y una luz interior brillante que permite vigilar la cocción en tiempo real.",https://www.electro-domesticos.com/produit/comfee-cmo-m202nc-cm-microondas-vintage-retro,https://www.electro-domesticos.com/electro-products/products/1789416153108-980915.webp,,in_stock,47.00 EUR,Comfee,694427168906,CMO-M202NC(CM),new,micro-ondes,
31,Comfee RCD93WH2 Mini frigorífico 93L Blanco,"El frigorífico Comfee RCD93WH2(E) es un modelo compacto tipo table-top de 93 litros de capacidad neta, pensado para espacios reducidos como oficinas, dormitorios, estudios o habitaciones de hotel. Cuenta con un pequeño compartimento congelador integrado, ideal para alimentos o bebidas que necesitan un enfriamiento rápido. Su termostato manual es ajustable entre 1°C y 10°C, permitiendo controlar la temperatura interior según las necesidades. Las baldas extraíbles facilitan la organización de productos de distintos tamaños, mientras que la puerta reversible permite instalar la bisagra a la izquierda o a la derecha, según la disposición del espacio disponible. Sus dos patas delanteras regulables garantizan estabilidad y nivelación incluso en suelos irregulares. Con un funcionamiento silencioso de 41 dB y un bajo consumo energético, es una opción práctica y económica para quienes necesitan una solución de refrigeración adicional.",https://www.electro-domesticos.com/produit/comfee-rcd93wh2-mini-frigorifico-93l-blanco,https://www.electro-domesticos.com/electro-products/products/1789382162980-933983.webp,"https://www.electro-domesticos.com/electro-products/products/1789382163495-386595.webp,https://www.electro-domesticos.com/electro-products/products/1789382164067-647270.webp,https://www.electro-domesticos.com/electro-products/products/1789382164350-167033.webp",in_stock,180.00 EUR,Comfee,6940461937597,RCD93WH2(E),new,refrigerateur,
24,Comfee TD602E-W Lavavajillas compacto 6 cubiertos,"El lavavajillas Comfee TD602E-W es un modelo compacto e independiente, ideal para cocinas pequeñas, estudios o pisos donde cada centímetro cuenta. Con capacidad para 6 cubiertos (hasta 67 utensilios) y platos de hasta 250 mm de diámetro, resulta perfecto para 2-3 personas. Destaca por su bajísimo consumo de agua, de tan solo 6,5 litros por ciclo, una quinta parte de lo que se gastaría lavando a mano. Su pantalla LED y panel de control intuitivo facilitan la selección entre sus 6 programas de lavado, incluyendo un ciclo rápido de 30 minutos ideal para momentos de mucha actividad en la cocina. La función de inicio diferido, de 1 a 24 horas, permite programar el lavado en el horario más conveniente o aprovechar tarifas eléctricas más económicas. Su nivel de ruido de 47 dB lo hace especialmente silencioso, y su sistema de protección contra fugas de agua detecta y corta el suministro automáticamente ante cualquier incidencia.",https://www.electro-domesticos.com/produit/comfee-td602e-w-lavavajillas-compacto-6-cubiertos,https://www.electro-domesticos.com/electro-products/products/1789377805921-255763.webp,https://www.electro-domesticos.com/electro-products/products/1789377806246-302208.webp,in_stock,215.99 EUR,Comfee,693996261361,KWH-TD602E-W-FR,new,lave-vaisselle,
4,Cooksir Horno empotrable 60L + Placa de inducción 4 zonas,"Este set de cocina Cooksir combina un horno empotrable de 60 cm con enchufe incluido y una placa de inducción de 4 zonas, también empotrable de 60 cm. El horno ofrece una capacidad de 60 litros y 7 funciones de cocción, controladas mediante un práctico mando giratorio, ideal para hornear, gratinar o asar con resultados uniformes. La placa de inducción incorpora una zona flexible que permite combinar dos focos en una sola superficie ampliada, perfecta para sartenes grandes, planchas o recipientes alargados. Juntos, ambos aparatos forman una solución completa y coordinada para renovar la cocina con un diseño moderno y funcional, combinando eficiencia energética con facilidad de uso y limpieza.",https://www.electro-domesticos.com/produit/cooksir-horno-empotrable-60l-placa-de-induccion-4-zonas,https://www.electro-domesticos.com/electro-products/products/1789265772660-25375.webp,https://www.electro-domesticos.com/electro-products/products/1789265773091-165569.webp,in_stock,427.00 EUR,Cooksir,8412345600043,FO-PY71,new,four-plaque,
28,Daan Tech Bob Mini lavavajillas compacto 3 cubiertos,"Bob, de Daan Tech, es el primer mini lavavajillas móvil del mundo, diseñado para funcionar de manera totalmente autónoma sin necesidad de una toma de agua fija gracias a su depósito integrado de 3,9 litros, que se rellena fácilmente por la parte frontal. Con solo 34 cm de ancho, apenas más grande que un microondas, Bob es la solución ideal para optimizar el espacio en cocinas pequeñas: se puede colocar junto al fregadero, sobre cualquier encimera, o encastrar discretamente en un mueble de cocina. Está pensado para la vajilla diaria de 1 a 3 personas y cuenta con un programa exprés que lava en solo 20 minutos. Su cesta modular admite platos de hasta 29 cm de diámetro y hasta 16 vasos o tazas en un solo ciclo. Bob incorpora un sistema de apertura magnética y automática de la puerta al finalizar el ciclo, lo que permite un secado natural sin consumo energético adicional, sin condensación ni malos olores. Fabricado íntegramente en Francia, en su fábrica de Vendée, está diseñado para durar al menos 10 años y presenta el mejor índice de reparabilidad de su categoría (9,3/10).",https://www.electro-domesticos.com/produit/daan-tech-bob-mini-lavavajillas-compacto-3-cubiertos,https://www.electro-domesticos.com/electro-products/products/1789381299690-819895.webp,https://www.electro-domesticos.com/electro-products/products/1789381300080-197298.webp,in_stock,389.90 EUR,Daan Tech,,Bob,new,lave-vaisselle,
43,Dreame L10s Ultra Gen 3 Robot aspirador y fregador,"El Dreame L10s Ultra Gen 3 es un robot aspirador y fregador de gama alta equipado con un motor TurboForce de sexta generación, capaz de ofrecer una potencia de aspiración Vormax de hasta 25.000 Pa, ideal para eliminar cabellos, pelos de mascotas y restos de arena para gatos con gran eficacia. Cuenta con 5 niveles de aspiración ajustables para adaptarse a distintas necesidades de limpieza. Su tecnología SideReach, combinada con el sistema MopExtend RoboSwing, permite que el robot alcance rincones estrechos, muebles con formas curvas, espacios reducidos y bordes rectos, cubriendo así el suelo por completo sin necesidad de retoques manuales posteriores. Incorpora el innovador sistema AceClean DryBoard, junto con una brosse lateral retráctil, un sistema de autolimpieza de la mopa y secado por aire caliente, todo controlable a través de la app y por comandos de voz. La estación de acoplamiento se encarga del mantenimiento integral del robot, incluyendo el vaciado automático de polvo.",https://www.electro-domesticos.com/produit/dreame-l10s-ultra-gen-3-robot-aspirador-y-fregador,https://www.electro-domesticos.com/electro-products/products/1789412841635-460409.webp,,in_stock,279.00 EUR,Dreame,697851525701,RLL53SE,new,aspirateur,
63,EasySpeed Mini Picadora Eléctrica Recargable,"Mini picadora eléctrica portátil e inalámbrica con carga USB tipo C, ideal para picar ajo, nueces, jengibre, verduras, carne y frutas. A diferencia de las picadoras tradicionales manuales, funciona de forma completamente automática: basta con pulsar el botón unos segundos para triturar los alimentos. Su tamaño compacto la hace perfecta para camping, picnics o reuniones familiares donde no siempre hay acceso a electricidad.",https://www.electro-domesticos.com/produit/easyspeed-mini-picadora-electrica-recargable,https://www.electro-domesticos.com/electro-products/products/1789416998558-40497.webp,,in_stock,18.00 EUR,EASYSPEED,,,new,petit-cuisine,no
45,Ecovacs Deebot T50 Omni Gen3 Robot aspirador y fregador,"El Ecovacs Deebot T50 Omni Gen3 es un robot aspirador y fregador de gama alta con un diseño ultrafino de 81 mm, posible gracias a su módulo LiDAR dToF totalmente integrado, lo que le permite deslizarse sin problemas bajo camas, sofás y otros espacios de difícil acceso. Su motor ultrarrápido ofrece una potencia de aspiración de hasta 25.000 Pa, eliminando eficazmente el polvo y la suciedad tanto de suelos duros como de alfombras. La tecnología TruEdge 2.0 garantiza una distancia inferior a 1 mm a lo largo de los bordes, logrando una cobertura del suelo del 100%. Su sistema ZeroTangle 3.0 evita que el pelo y los cabellos se enreden en el cepillo, eliminando la necesidad de limpiarlo manualmente, mientras que su función AIVI 3D 2.0 mejora la detección y evitación de obstáculos. Incorpora una estación Omni todo en uno que realiza el vaciado automático del polvo y el lavado de las mopas con agua caliente a 75°C, ofreciendo un mantenimiento prácticamente autónomo para el usuario.",https://www.electro-domesticos.com/produit/ecovacs-deebot-t50-omni-gen3-robot-aspirador-y-fregador,https://www.electro-domesticos.com/electro-products/products/1789413115396-513151.webp,,in_stock,249.00 EUR,Ecovacs,697946377055,T50 OMNI BLACK Gen3,new,aspirateur,
35,FOHERE Mini frigorífico 91L con congelador Blanco,"El mini frigorífico FOHERE de 91 litros es un modelo de una sola puerta pensado para espacios reducidos como oficinas, dormitorios, residencias de estudiantes o apartamentos pequeños. Incorpora un pequeño compartimento congelador integrado y un cajón para verduras, permitiendo organizar tanto alimentos frescos como productos congelados en un único aparato compacto. Su termostato es ajustable, lo que facilita regular la temperatura interior según las necesidades del usuario, mientras que su funcionamiento silencioso lo hace apto incluso para habitaciones o dormitorios. La puerta reversible permite adaptar la apertura a izquierda o derecha según la disposición del espacio disponible, y sus pies y baldas regulables aportan mayor flexibilidad de instalación y organización. Su acabado en blanco resulta discreto y se adapta fácilmente a cualquier entorno.",https://www.electro-domesticos.com/produit/fohere-mini-frigorifico-91l-con-congelador-blanco,https://www.electro-domesticos.com/electro-products/products/1789411567485-175031.webp,"https://www.electro-domesticos.com/electro-products/products/1789411567801-680351.webp,https://www.electro-domesticos.com/electro-products/products/1789411568050-674013.webp",in_stock,123.00 EUR,FOHERE,,,new,refrigerateur,no
65,Fullstar Pro Core Coupe Légumes 6-en-1,"Cortador de verduras multifuncional y mandolina que ofrece rendimiento profesional a un precio asequible. Incluye 6 cuchillas de acero inoxidable 420J, un cepillo de limpieza, un protector de dedos y un recipiente de 1,2 L para una preparación de comidas rápida, segura y eficaz. Permite cortar en dados fino y medio, rallar, picar grueso, hacer juliana y cortar en rodajas: ideal para patatas, tomates, cebollas, queso y mucho más. Su construcción en plástico ABS extra duro resiste el uso intensivo sin agrietarse.",https://www.electro-domesticos.com/produit/fullstar-pro-core-coupe-legumes-6-en-1,https://www.electro-domesticos.com/electro-products/products/1789417174999-871545.webp,,in_stock,30.00 EUR,Fullstar,,,new,petit-cuisine,no
74,GSD 20-650 Máquina de Pasta,"Máquina eléctrica para hacer pasta fresca GSD 20-650, fabricada en acero inoxidable, en acabado multicolor. Con motor eléctrico que elimina la necesidad de manivela manual, permite laminar y cortar la masa de forma autónoma, sin necesidad de fijarla a una mesa. Ideal para preparar pasta fresca casera de manera regular.",https://www.electro-domesticos.com/produit/gsd-20-650-maquina-de-pasta,https://www.electro-domesticos.com/electro-products/products/1790157253119-750091.webp,"https://www.electro-domesticos.com/electro-products/products/1790157253417-336679.webp,https://www.electro-domesticos.com/electro-products/products/1790157253685-240861.webp,https://www.electro-domesticos.com/electro-products/products/1790157253934-56126.webp,https://www.electro-domesticos.com/electro-products/products/1790157254134-774635.webp,https://www.electro-domesticos.com/electro-products/products/1790157254329-993858.webp,https://www.electro-domesticos.com/electro-products/products/1790157254543-643424.webp,https://www.electro-domesticos.com/electro-products/products/1790157254805-880646.webp",in_stock,249.00 EUR,GSD,,20-650,new,petit-cuisine,
37,Gorenje RI4092AW Frigorífico integrable A++ Blanco,"El frigorífico Gorenje RI4092AW es un modelo totalmente integrable, diseñado para encastrarse discretamente en muebles de cocina de 88 cm de altura. Con una capacidad neta de 142 litros, resulta ideal para personas solas o parejas que buscan un electrodoméstico compacto pero funcional. Su clase de eficiencia energética A++ garantiza un consumo reducido, mientras que su sistema de descongelación totalmente automático evita la formación de escarcha, ahorrando tiempo en el mantenimiento diario. El interior incorpora baldas de vidrio, con varias de ellas regulables en altura, además de compartimentos específicos para verduras y productos lácteos, permitiendo una organización eficiente del espacio disponible. Su acabado metálico en blanco y su instalación integrable lo convierten en una opción discreta y elegante para cualquier cocina moderna.",https://www.electro-domesticos.com/produit/gorenje-ri4092aw-frigorifico-integrable-a-blanco,https://www.electro-domesticos.com/electro-products/products/1789411843492-138891.webp,,in_stock,288.00 EUR,Gorenje,3838942726804,RI4092AW,new,refrigerateur,
27,Hisense HV642A65 Lavavajillas integrable 14 cubiertos,"El lavavajillas Hisense HV642A65 es un modelo totalmente integrable de 60 cm de ancho, con capacidad para 14 cubiertos, pensado para adaptarse a cocinas modernas manteniendo un funcionamiento silencioso de tan solo 43 dB. Su panel de control con teclas sensitivas facilita la selección de programas, mientras que la función de apertura automática de la puerta al finalizar el ciclo mejora el secado natural de la vajilla. Incorpora el sistema AquaStop, que protege el hogar frente a posibles fugas de agua durante el funcionamiento. Con un consumo de solo 8,9 litros de agua por ciclo, este modelo combina eficiencia y cuidado del medio ambiente sin renunciar a un lavado eficaz para familias de tamaño medio.",https://www.electro-domesticos.com/produit/hisense-hv642a65-lavavajillas-integrable-14-cubiertos,https://www.electro-domesticos.com/electro-products/products/1789378922978-772849.webp,"https://www.electro-domesticos.com/electro-products/products/1789378923364-821105.webp,https://www.electro-domesticos.com/electro-products/products/1789378923679-178083.webp,https://www.electro-domesticos.com/electro-products/products/1789378923979-896502.webp",in_stock,350.00 EUR,Hisense,,HV642A65,new,lave-vaisselle,
1,Horno de convección Tristar con,"l Tristar OV-3670 combina un amplio horno de convección con 2 placas de cocción, permitiendo hornear, cocinar y mantener los platos calientes al mismo tiempo en un solo aparato compacto. Con una capacidad de 35 litros, el horno ofrece espacio para gratinados, pasteles o asados, mientras que las placas preparan guarniciones, salsas u otros acompañamientos. Su potencia de hasta 3200 W garantiza un calentamiento rápido y una distribución uniforme del calor. Cuenta con luz interior, puerta de doble cristal, función grill y temporizador práctico para facilitar el control durante la cocción. Su estructura de acero y diseño compacto lo hacen ideal para cocinas pequeñas, estudios, residencias de estudiantes o como electrodoméstico adicional.",https://www.electro-domesticos.com/produit/horno-de-conveccion-tristar-con-2-placas-calefactoras-capaci,https://www.electro-domesticos.com/electro-products/products/1789246086761-350177.webp,"https://www.electro-domesticos.com/electro-products/products/1789246087156-67836.webp,https://www.electro-domesticos.com/electro-products/products/1789246087484-555568.webp,https://www.electro-domesticos.com/electro-products/products/1789246087790-804074.webp,https://www.electro-domesticos.com/electro-products/products/1789246088076-806974.webp,https://www.electro-domesticos.com/electro-products/products/1789246088475-812506.webp",in_stock,80.90 EUR,Tristar,8711658523842,OV-3670,new,four-plaque,
26,IsEasy Mini lavavajillas de sobremesa 3 cubiertos,"Este mini lavavajillas de sobremesa IsEasy está diseñado para espacios reducidos como estudios, apartamentos, habitaciones de estudiantes, autocaravanas o caravanas. Ofrece dos modos de suministro de agua: modo depósito, con un tanque incorporado de 5 litros que se llena manualmente mediante el embudo incluido, y modo grifo, que permite conectarlo directamente al grifo de la cocina sin necesidad de instalación fija. Con unas dimensiones compactas de 43 x 42,5 x 46 cm, su interior aprovecha al máximo el espacio, permitiendo lavar más de 30 piezas por carga, incluyendo 3 cubiertos completos y platos de hasta 26 cm de diámetro. Incorpora secado por aire caliente de 60 minutos, seguido automáticamente de 72 horas de ventilación para garantizar una vajilla limpia, seca y sin olores. Cuenta con 7 programas de lavado adaptados a distintas necesidades, desde ciclos rápidos hasta intensivos, además de funciones adicionales como inicio diferido, seguridad infantil y modo autolimpieza.",https://www.electro-domesticos.com/produit/iseasy-mini-lavavajillas-de-sobremesa-3-cubiertos,https://www.electro-domesticos.com/electro-products/products/1789378469196-889110.webp,,in_stock,180.00 EUR,IsEasy,,,new,lave-vaisselle,no
72,Kenwood Chef XL KVL4110S,"Robot pastelero multifunción Kenwood Chef XL KVL4110S, de 1200 W, con bol de acero inoxidable de 6,7 L y batidora (blender) de 1,7 L incluida. Cuenta con kit de pastelería metálico (batidor K, varilla y gancho amasador) y movimiento planetario de mezclado, ideal para pan, pizza, bizcochos, merengues y más.",https://www.electro-domesticos.com/produit/kenwood-chef-xl-kvl4110s,https://www.electro-domesticos.com/electro-products/products/1790156712034-660514.webp,"https://www.electro-domesticos.com/electro-products/products/1790156712464-709420.webp,https://www.electro-domesticos.com/electro-products/products/1790156712869-3217.webp,https://www.electro-domesticos.com/electro-products/products/1790156713035-266135.webp,https://www.electro-domesticos.com/electro-products/products/1790156713177-990525.webp",in_stock,190.00 EUR,Kenwood,5011423191539,KVL4110S,new,petit-cuisine,
73,KitchenAid Artisan 5KMT2204EBK,"Tostadora automática KitchenAid Artisan de 2 ranuras, en negro trufa (acabado hierro fundido). Cuenta con sensor automático que detecta e introduce el pan, ranuras extra anchas y 7 niveles de tueste controlados por temporizador LED. Mantiene el pan caliente tras el tostado e incluye soporte para sándwiches y función especial para panecillos y bagels.",https://www.electro-domesticos.com/produit/kitchenaid-artisan-5kmt2204ebk,https://www.electro-domesticos.com/electro-products/products/1790156923052-727273.webp,"https://www.electro-domesticos.com/electro-products/products/1790156923500-11706.webp,https://www.electro-domesticos.com/electro-products/products/1790156923761-32172.webp,https://www.electro-domesticos.com/electro-products/products/1790156923999-863319.webp,https://www.electro-domesticos.com/electro-products/products/1790156924179-247534.webp,https://www.electro-domesticos.com/electro-products/products/1790156924448-910104.webp,https://www.electro-domesticos.com/electro-products/products/1790156924643-5661.webp",in_stock,100.00 EUR,KitchenAid,5413184124236,5KMT2204EBK,new,petit-cuisine,
17,LG F94N14SLS Lavadora 9kg 1400rpm Smart Inverter,"La lavadora LG F94N14SLS es un modelo de carga frontal con una capacidad de 9 kg, pensado para ofrecer un lavado eficaz y económico en el día a día. Su motor de inducción Smart Inverter garantiza un funcionamiento silencioso y de bajo consumo, cuidando el tejido en cada ciclo. Incorpora la tecnología de vapor Steam, que activa un ciclo antialergias capaz de eliminar hasta el 99,9 % de ácaros y pólenes, ideal para pieles sensibles. Su tambor de acero inoxidable de 56 litros ofrece amplia capacidad, mientras que la bandeja superior extraíble permite reducir su altura en 3 cm, facilitando la instalación bajo encimera. Con una velocidad de centrifugado ajustable de hasta 1400 rpm y clase de eficiencia energética A, este modelo combina rendimiento, comodidad y respeto por el consumo de recursos.",https://www.electro-domesticos.com/produit/lg-f94n14sls-lavadora-9kg-1400rpm-smart-inverter,https://www.electro-domesticos.com/electro-products/products/1789374346433-928022.webp,"https://www.electro-domesticos.com/electro-products/products/1789374346710-466055.webp,https://www.electro-domesticos.com/electro-products/products/1789374346836-376436.webp,https://www.electro-domesticos.com/electro-products/products/1789374347053-492797.webp",in_stock,499.71 EUR,LG,8806096161746,F94N14SLS,new,lave-linge,
41,Lefant M2 Robot aspirador y fregador 5500Pa,"El robot aspirador y fregador Lefant M2 combina una potente aspiración de 5500 Pa con navegación láser dToF avanzada, capaz de cartografiar el hogar con precisión tanto de día como de noche. Gracias a su sistema de mapeo en 3 niveles, planifica de forma inteligente las rutas de limpieza, evitando repeticiones u olvidos y garantizando una cobertura completa de cada estancia. Incorpora la tecnología de evitación de obstáculos PSD, que le permite detectar y esquivar objetos en su camino, además de funciones anticaídas y anticolisión para un funcionamiento seguro en cualquier tipo de hogar. Con una autonomía de hasta 240 minutos, es capaz de limpiar grandes superficies sin necesidad de recargas frecuentes, adaptándose tanto a suelos duros como a alfombras y moquetas. Su control se realiza cómodamente a través de la app móvil, Alexa o WiFi, permitiendo programar limpiezas personalizadas por zonas o habitaciones.",https://www.electro-domesticos.com/produit/lefant-m2-robot-aspirador-y-fregador-5500pa,https://www.electro-domesticos.com/electro-products/products/1789412519953-783400.webp,,in_stock,88.00 EUR,Lefant,,M2,new,aspirateur,
49,Lefant M210P Robot Aspirador Mini,"Mini robot aspirador ultradelgado de 2200 Pa de succión, con detección inteligente de alfombras que aumenta automáticamente la potencia hasta 2200 Pa para eliminar el pelo de mascotas incrustado. Con solo 28 cm de diámetro y 7,8 cm de altura, se desliza fácilmente bajo camas, sofás y muebles. Cuenta con 6 modos de limpieza, 13 sensores de alta sensibilidad para evitar colisiones y caídas, control por app Lefant, WiFi, Bluetooth y compatibilidad con Alexa y Google Home.",https://www.electro-domesticos.com/produit/lefant-m210p-robot-aspirador-mini,https://www.electro-domesticos.com/electro-products/products/1789414793295-91359.webp,,in_stock,159.00 EUR,Lefant,,M210P,new,aspirateur,
71,Lifenaxx Master Chef LX-050,"Robot de cocina inteligente Lifenaxx Master Chef LX-050, multifunción para cocinar, freír, cocer al vapor, amasar, mezclar, remover, picar, moler, hacer puré y emulsionar. Cuenta con recipiente de acero inoxidable de 3 L, control WiFi y app, pantalla táctil TFT de 7 pulgadas y báscula integrada. Ideal para sopas, salsas, smoothies, verduras, carne, pasta, pescado, mermeladas, masas y mucho más.",https://www.electro-domesticos.com/produit/lifenaxx-master-chef-lx-050,https://www.electro-domesticos.com/electro-products/products/1790156466690-732839.webp,,in_stock,380.00 EUR,Lifenaxx,4260358128924,LX-050,new,petit-cuisine,
75,Magimix Mini Plus 18260F,"Robot de cocina multifunción Magimix Mini Plus, en acabado cromo mate, con motor profesional de 400 W. Cuenta con dos cubetas en un solo cuerpo: una grande de 1,7 L para todo tipo de preparaciones y una mini de 0,5 L para pequeñas cantidades. Permite mezclar, rallar, cortar en rodajas, batir, emulsionar, picar, amasar y exprimir cítricos. Fabricado íntegramente en Francia.",https://www.electro-domesticos.com/produit/magimix-mini-plus-18260f,https://www.electro-domesticos.com/electro-products/products/1790157418823-554279.webp,"https://www.electro-domesticos.com/electro-products/products/1790157419230-129612.webp,https://www.electro-domesticos.com/electro-products/products/1790157419625-263872.webp,https://www.electro-domesticos.com/electro-products/products/1790157419969-118989.webp",in_stock,230.00 EUR,Magimix,3519280182605,18260F,new,petit-cuisine,
60,Medion MD10596 Microondas Efecto Madera,"Microondas de 20 litros con acabado blanco y efecto madera, puerta con efecto espejo que le da un aspecto elegante y moderno. Con 700 W de potencia, permite calentar o descongelar alimentos congelados o fríos rápidamente. Cuenta con 5 niveles de potencia ajustables mediante mando giratorio y función de descongelación integrada. Incluye plato giratorio de cristal de 25,5 cm de diámetro.",https://www.electro-domesticos.com/produit/medion-md10596-microondas-efecto-madera,https://www.electro-domesticos.com/electro-products/products/1789416408907-841922.webp,,in_stock,55.00 EUR,MEDION,4061275212389,MD10596,new,micro-ondes,
68,Moulinex Clickchef HF456810,"Robot de cocina multifunción compacto Moulinex Clickchef, de 1400 W, con bol de acero inoxidable de 3,6 L (capacidad útil de 2 L). Incluye 5 programas automáticos (sopa, repostería, cocción lenta, salsa, cocción al vapor) y un modo manual con 32 funciones (emulsionar, batir, mezclar, picar, amasar, cocer al vapor, etc.). Cuenta con báscula de cocina integrada y accesorios compatibles con lavavajillas.",https://www.electro-domesticos.com/produit/moulinex-clickchef-hf456810,https://www.electro-domesticos.com/electro-products/products/1790150430750-482896.webp,"https://www.electro-domesticos.com/electro-products/products/1790150431149-310224.webp,https://www.electro-domesticos.com/electro-products/products/1790150431440-148363.webp,https://www.electro-domesticos.com/electro-products/products/1790150431671-548664.webp,https://www.electro-domesticos.com/electro-products/products/1790150431997-392148.webp,https://www.electro-domesticos.com/electro-products/products/1790150432232-2275.webp,https://www.electro-domesticos.com/electro-products/products/1790150432562-946086.webp,https://www.electro-domesticos.com/electro-products/products/1790150432666-817179.webp,https://www.electro-domesticos.com/electro-products/products/1790150432945-315752.webp,https://www.electro-domesticos.com/electro-products/products/1790150433226-449915.webp",in_stock,320.00 EUR,Moulinex,3016661158056,HF456810,new,petit-cuisine,
67,Moulinex Companion Pro Air Fryer,"Robot de cocina multifunción de alta gama Moulinex Companion Pro con extensión Air Fryer integrada. Permite cocinar, cocer al vapor, batir, amasar, picar y freír al aire en el mismo bol de gran capacidad. Cuenta con balanza incorporada para pesar los ingredientes directamente, sin necesidad de accesorios adicionales. Fabricado en Francia.",https://www.electro-domesticos.com/produit/moulinex-companion-pro-air-fryer,https://www.electro-domesticos.com/electro-products/products/1790149851330-942228.webp,,in_stock,500.00 EUR,Moulinex,,YY5828FG,new,petit-cuisine,
70,Ninja Artisan MO201AMZEU,"Horno de pizza eléctrico y freidora de aire de exterior Ninja Artisan, edición verde exclusiva. Cocina pizzas de 30 cm en aproximadamente 3 minutos sin necesidad de girarlas, alcanzando hasta 370 °C. Ofrece 4 modos de cocción (Pizza, Bake, Air Fry y Prove) y 5 ajustes específicos para pizza (Artisan, Thin Crust, New York, Pan/Chicago y Custom). Funciona sin llama, con calor eléctrico y control digital de temperatura.",https://www.electro-domesticos.com/produit/ninja-artisan-mo201amzeu,https://www.electro-domesticos.com/electro-products/products/1790151702900-469664.webp,,in_stock,240.00 EUR,Ninja,,MO201AMZEU,new,petit-cuisine,
64,Princess Pizza Maker 115007,"Máquina para pizza multifuncional con una superficie de cocción de 32 cm de diámetro, ideal para preparar pizzas caseras. Cuenta con termostato ajustable hasta 200°C para lograr el punto exacto de cocción, ya sea crujiente o esponjosa. Puede abrirse hasta 180° para transformarse en un grill de mesa, perfecto para cocinar carnes, verduras y mucho más. Su diseño está fabricado sin BPA y con asas de tacto frío para un uso seguro.",https://www.electro-domesticos.com/produit/princess-pizza-maker-115007,https://www.electro-domesticos.com/electro-products/products/1789417079242-143602.webp,,in_stock,40.00 EUR,Princess,8712836991972,115007,new,petit-cuisine,
54,SMETA Microondas Compacto 20L Blanco,"Microondas compacto de 20 litros sin grill, con revestimiento interior y 700 W de potencia. Ofrece 5 niveles de potencia y calentamiento giratorio a 360° para una cocción uniforme. Incluye doble modo de descongelación (por peso y por tiempo) y un temporizador mecánico sencillo de hasta 35 minutos, ideal para uso doméstico de personas solas, parejas o familias pequeñas.",https://www.electro-domesticos.com/produit/smeta-microondas-compacto-20l-blanco,https://www.electro-domesticos.com/electro-products/products/1789415663401-2595.webp,,in_stock,35.00 EUR,SMETA,,,new,micro-ondes,no
33,Samsung RF50C530ES9 Frigorífico multipuertas 495L Inox,"El frigorífico Samsung RF50C530ES9 es un modelo multipuertas de gran capacidad (495 litros en total, 330 L para el frigorífico y 165 L para el congelador), diseñado con un exterior minimalista de acabado Inox Platinum que se integra fácilmente en cualquier cocina moderna. Incorpora la tecnología Twin Cooling Plus, que mantiene circuitos de refrigeración independientes para el frigorífico y el congelador, preservando un nivel de humedad óptimo y prolongando la frescura de los alimentos. El compresor Digital Inverter ajusta automáticamente su velocidad según las necesidades de refrigeración, ofreciendo eficiencia energética y una garantía específica de hasta 20 años. Cuenta con un dispensador de agua integrado en la puerta y una fábrica de hielo automática en el congelador, además de conectividad Wi-Fi mediante SmartThings para controlar el aparato desde el smartphone. Su interior con iluminación LED, cajones deslizantes y función de congelación rápida completan un equipo pensado para familias que buscan gran capacidad sin renunciar a la tecnología.",https://www.electro-domesticos.com/produit/samsung-rf50c530es9-frigorifico-multipuertas-495l-inox,https://www.electro-domesticos.com/electro-products/products/1789405429692-728627.webp,"https://www.electro-domesticos.com/electro-products/products/1789405429941-412378.webp,https://www.electro-domesticos.com/electro-products/products/1789405430130-439829.webp,https://www.electro-domesticos.com/electro-products/products/1789405430486-434097.webp",in_stock,1460.00 EUR,Samsung,8806095154961,RF50C530ES9/EF,new,refrigerateur,
19,Samsung WW80CGC04DTH Lavadora Ecobubble 8kg,"La lavadora Samsung WW80CGC04DTH, de la serie Ecobubble, es un modelo de carga frontal con una capacidad de 8 kg, ideal para hogares que buscan un lavado eficaz combinado con ahorro energético. Su tecnología Ecobubble genera espuma que penetra las fibras textiles desde el inicio del ciclo, permitiendo lavar en frío con la misma eficacia que a 40°C. El motor Digital Inverter garantiza un funcionamiento silencioso, duradero y de bajo consumo, mientras que la conectividad SmartThings (Wi-Fi) permite controlar la lavadora y descargar programas adicionales, como ciclos para vaqueros, ropa deportiva, camisas o prendas de bebé. Incorpora un programa especial de Microplásticos, desarrollado junto a Ocean Wise Plastics Lab y Patagonia, que ayuda a reducir la liberación de microfibras al medio ambiente. Su tambor de acero inoxidable 2nd Diamond de 61 litros y su puerta de cristal templado ofrecen resistencia y durabilidad a largo plazo.",https://www.electro-domesticos.com/produit/samsung-ww80cgc04dth-lavadora-ecobubble-8kg,https://www.electro-domesticos.com/electro-products/products/1789374925303-242570.webp,"https://www.electro-domesticos.com/electro-products/products/1789374925490-842795.webp,https://www.electro-domesticos.com/electro-products/products/1789374925623-265567.webp",in_stock,425.10 EUR,Samsung,8806095210421,WW80CGC04DTHEF,new,lave-linge,
34,Sharp SJ-F800SPSL Frigorífico americano 605L Inox,"El frigorífico americano Sharp SJ-F800SP-SL es un modelo de 4 puertas sin separación interior, lo que permite alojar bandejas y recipientes especialmente anchos gracias a sus estantes de 73 cm de ancho. Con una capacidad neta total de 605 litros (394 L en el frigorífico y 211 L en el congelador), ofrece un espacio de almacenamiento muy generoso para familias numerosas. Incorpora el sistema de frío ventilado Hybrid Cooling de nueva generación, que garantiza una temperatura uniforme y reduce la formación de escarcha. El tratamiento antibacteriano activo Plasmacluster y el filtro Honeycomb anti-olores ayudan a mantener los alimentos frescos por más tiempo. Su compartimento congelador de 4 estrellas incluye 2 cajones con expulsor de hielo, mientras que la iluminación interior de 37 LED garantiza una visibilidad óptima en toda la cavidad. Su acabado en acero inoxidable cepillado resistente a las huellas completa un diseño elegante y funcional para cocinas amplias.",https://www.electro-domesticos.com/produit/sharp-sj-f800spsl-frigorifico-americano-605l-inox,https://www.electro-domesticos.com/electro-products/products/1789411441017-796937.webp,,in_stock,700.00 EUR,Sharp,,SJ-F800SP-SL,new,refrigerateur,
38,Siemens KI52FAD30 Frigorífico integrable 204L A++,"El frigorífico Siemens KI52FAD30 es un modelo integrable de una sola puerta, con una capacidad neta total de 204 litros (189 L para el frigorífico y 15 L para el pequeño compartimento congelador). Su control TouchControl, situado en la parte frontal, incorpora teclas sensitivas y una pantalla digital para una regulación electrónica precisa de la temperatura, además de un interruptor de superrefrigeración para enfriar rápidamente grandes cantidades de alimentos. La puerta es reversible, pudiendo instalarse a izquierda o derecha según las necesidades de la cocina, y cuenta con cierre suave ""softClose"" para evitar golpes. Con una clase de eficiencia energética A++ y un funcionamiento silencioso de apenas 37-38 dB, este modelo resulta ideal para integrarse discretamente en cualquier cocina moderna, ofreciendo una autonomía de hasta 13 horas en caso de corte de electricidad.",https://www.electro-domesticos.com/produit/siemens-ki52fad30-frigorifico-integrable-204l-a,https://www.electro-domesticos.com/electro-products/products/1789411994840-541173.webp,"https://www.electro-domesticos.com/electro-products/products/1789411995287-287850.webp,https://www.electro-domesticos.com/electro-products/products/1789411995488-584140.webp,https://www.electro-domesticos.com/electro-products/products/1789411995702-286897.webp",in_stock,350.00 EUR,Siemens,4242003644225,KI52FAD30,new,refrigerateur,
22,Siemens SN25L280EU Lavavajillas 13 cubiertos,"El lavavajillas Siemens SN25L280EU es un modelo independiente con capacidad para 13 cubiertos, pensado para ofrecer un lavado eficaz y silencioso en el día a día. Su motor iQ Drive garantiza un rendimiento fiable, mientras que el sistema Auto 3in1 detecta automáticamente el tipo de detergente utilizado (pastilla, polvo o gel) y ajusta el programa en consecuencia. El cajón dosificador maxiPerformance permite que la pastilla se disuelva de forma óptima gracias a un chorro de agua dirigido, asegurando una distribución perfecta del detergente. Su clase de eficiencia energética A+++ y su bajo nivel de ruido de 46 dB lo convierten en una opción eficiente y discreta. Cuenta con cestas VarioFlex para una colocación flexible de la vajilla, cesto superior regulable en altura y un cajón superior tiroirLuxe especial para cubiertos, ofreciendo así máxima comodidad y organización.",https://www.electro-domesticos.com/produit/siemens-sn25l280eu-lavavajillas-13-cubiertos,https://www.electro-domesticos.com/electro-products/products/1789378256211-58961.webp,"https://www.electro-domesticos.com/electro-products/products/1789378256414-46771.webp,https://www.electro-domesticos.com/electro-products/products/1789378256531-122970.webp",in_stock,529.00 EUR,Siemens,4242003611173,SN25L280EU,new,lave-vaisselle,
53,Toshiba MW2-MG20P(BK) Microondas Grill,"Microondas 3 en 1 de 20 litros que combina las funciones de grill, descongelación y recalentado para una cocción eficaz y delicada. Cuenta con 700 W de potencia de microondas y 1000 W de potencia de grill, 5 niveles de potencia ajustables, iluminación LED interior y plato giratorio de cristal de 255 mm. Su función de cocción combinada permite recalentar los platos mientras se doran, aportando el calor y el crujiente de la cocción tradicional.",https://www.electro-domesticos.com/produit/toshiba-mw2-mg20p-bk-microondas-grill,https://www.electro-domesticos.com/electro-products/products/1789415566010-535289.webp,,in_stock,84.99 EUR,Toshiba,694427167194,MW2-MG20P(BK),new,micro-ondes,
59,Toshiba MW2-MM20P(BK) Microondas Estándar,"Microondas estándar de 20 litros con diseño moderno e intemporal que se adapta a diferentes tipos de cocina. Cuenta con 700 W de potencia, 5 niveles de potencia y una función práctica de descongelación por peso o tiempo. Incorpora iluminación LED interior eficiente y duradera que ofrece una gran claridad dentro de la cavidad durante el funcionamiento.",https://www.electro-domesticos.com/produit/toshiba-mw2-mm20p-bk-microondas-estandar,https://www.electro-domesticos.com/electro-products/products/1789416323883-289165.webp,,in_stock,56.00 EUR,Toshiba,6944271671931,MW2-MM20P(BK),new,micro-ondes,
57,Toshiba MW3-EM20PE(BM) Microondas con Menús Automáticos,"Microondas de 20 litros con diseño elegante y contemporáneo, equipado con 6 menús automáticos preconfigurados para simplificar el día a día. Cuenta con 800 W de potencia, luminosa iluminación LED interior y función de descongelación fácil. Su color negro le da un toque moderno a cualquier cocina.",https://www.electro-domesticos.com/produit/toshiba-mw3-em20pe-bm-microondas-con-menus-automaticos,https://www.electro-domesticos.com/electro-products/products/1789416046716-514237.webp,https://www.electro-domesticos.com/electro-products/products/1789416046989-74096.webp,in_stock,84.00 EUR,Toshiba,,MW3-EM20PE(BM),new,micro-ondes,
66,Ufesa TotalChef RK6,"Robot de cocina multifunción inteligente Ufesa TotalChef RK6, con motor de hasta 1200W y 30 funciones automáticas (cocinar, sofreír, hervir, amasar, triturar hielo, emulsionar, cocer al vapor, entre otras). Cuenta con pantalla digital táctil de 7 pulgadas, conectividad WiFi para acceder a recetas interactivas guiadas paso a paso, jarra de acero inoxidable de 3,5 L de capacidad máxima, apta para lavavajillas, y báscula integrada.",https://www.electro-domesticos.com/produit/ufesa-totalchef-rk6,https://www.electro-domesticos.com/electro-products/products/1790149126494-220397.webp,"https://www.electro-domesticos.com/electro-products/products/1790149126813-786704.webp,https://www.electro-domesticos.com/electro-products/products/1790149126998-538943.webp,https://www.electro-domesticos.com/electro-products/products/1790149127160-54.webp,https://www.electro-domesticos.com/electro-products/products/1790149127319-631059.webp,https://www.electro-domesticos.com/electro-products/products/1790149127474-500891.webp",in_stock,359.99 EUR,Ufesa,8422160062070,RK6,new,petit-cuisine,
36,Upstreman CR85 Mini frigorífico 85L,"El mini frigorífico Upstreman CR85 tiene una capacidad de 85 litros y está pensado para espacios reducidos como oficinas, dormitorios o pequeños apartamentos. Cuenta con un termostato ajustable de 5 niveles, con un rango de temperatura de 0°C a 12°C, que se adapta perfectamente a la conservación de bebidas, snacks, frutas y verduras. Además, incorpora un pequeño compartimento de enfriamiento rápido, ideal para refrescar bebidas en poco tiempo. Su funcionamiento es muy silencioso, con solo 39 dB, y su consumo energético anual es de apenas 84 kWh, lo que lo convierte en una opción eficiente para el uso diario. La iluminación LED integrada garantiza una visibilidad clara en cada apertura de la puerta. Su interior ofrece una disposición de almacenamiento flexible, con 2 amplios compartimentos en la puerta (7 cm + 10,5 cm), 1 balda extraíble y 1 bandeja para verduras, optimizando el espacio para distintos tipos de productos.",https://www.electro-domesticos.com/produit/upstreman-cr85-mini-frigorifico-85l,https://www.electro-domesticos.com/electro-products/products/1789411716481-337158.webp,https://www.electro-domesticos.com/electro-products/products/1789411716831-556245.webp,in_stock,122.00 EUR,Upstreman,,CR85,new,refrigerateur,
46,VersLife L6 Robot Aspirador y Fregona 2 en 1,"Robot aspirador y fregona 2 en 1 con succión de 4000Pa, controlado por app, mando a distancia y Alexa/WiFi. Cuenta con cepillo cilíndrico en forma de V antienredos, batería de litio de 2600mAh con hasta 120 minutos de autonomía y recarga automática. Con solo 7 cm de altura, se desliza bajo muebles y sofás, ideal para pelos de mascotas, alfombras y suelos duros.",https://www.electro-domesticos.com/produit/verslife-l6-robot-aspirador-y-fregona-2-en-1,https://www.electro-domesticos.com/electro-products/products/1789414433187-494425.webp,,in_stock,77.00 EUR,VersLife,,L6,new,aspirateur,
50,Vexilar W8 Robot Aspirador y Fregona Ultrafino,"Robot aspirador ultrafino de solo 7,8 cm de altura, ideal para limpiar bajo muebles bajos y espacios estrechos. Aspira y friega simultáneamente gracias a su sistema 2 en 1, con hasta 5000 Pa de succión eficaz en parquet, baldosas y alfombras de pelo corto. Cuenta con doble cepillo lateral para bordes y esquinas, 4 modos inteligentes, control por app y voz, y hasta 150 minutos de autonomía.",https://www.electro-domesticos.com/produit/vexilar-w8-robot-aspirador-y-fregona-ultrafino,https://www.electro-domesticos.com/electro-products/products/1789414905485-579145.webp,,in_stock,89.00 EUR,Vexilar,,W8,new,aspirateur,
69,Vitamix VX1,"Batidora profesional Vitamix VX1, con vaso clásico de 64 oz (aprox. 1,9 L) en acero inoxidable, motor potente de 2,2 CV y control de velocidad variable con 10 niveles. Diseñada como introducción a la gama Vitamix, ofrece un rendimiento sólido para smoothies, sopas, salsas y más, con un programa de autolimpieza integrado.",https://www.electro-domesticos.com/produit/vitamix-vx1,https://www.electro-domesticos.com/electro-products/products/1790150864050-88432.webp,,in_stock,350.00 EUR,Vitamix,703113758041,075804,new,petit-cuisine,
62,YASHE Gaufrier Eléctrico 2 Gofres,"Gofrera eléctrica de 750 W con capacidad para cocinar dos gofres simultáneamente gracias a sus placas antiadherentes. Cuenta con un indicador LED que señala cuándo está lista para cocinar y cuándo ha terminado la cocción, además de un sistema inteligente de control de temperatura que regula el calor automáticamente para lograr un gofre dorado y crujiente por fuera o suave y esponjoso por dentro, según preferencia. Su superficie de acero inoxidable y el revestimiento antiadherente facilitan la limpieza.",https://www.electro-domesticos.com/produit/yashe-gaufrier-electrico-2-gofres,https://www.electro-domesticos.com/electro-products/products/1789416907539-913982.webp,https://www.electro-domesticos.com/electro-products/products/1789416907902-184933.webp,in_stock,20.00 EUR,YASHE,,,new,petit-cuisine,no
48,dreame L50s Pro Ultra Robot Aspirador y Fregona,"Robot aspirador y fregona de gama alta con 30.000 Pa de potencia de succión y estación PowerDock 8 en 1 con vaciado automático hasta 100 días. Incorpora la brosse DuoBrush HyperStream 100% antienredos, limpieza profunda de esquinas y bordes, y navegación LiDAR VersaLift retráctil con IA 3D Adapt que identifica más de 220 objetos. Su base ThermoHub lava las mopas a 100 °C para una higiene superior, y evita obstáculos de hasta 4 cm de altura.",https://www.electro-domesticos.com/produit/dreame-l50s-pro-ultra-robot-aspirador-y-fregona,https://www.electro-domesticos.com/electro-products/products/1789414676866-500125.webp,,in_stock,497.00 EUR,Dreame,,L50s Pro Ultra,new,aspirateur,
44,iRobot Roomba 115 Combo Robot aspirador y fregador,"El Roomba 115 Combo de iRobot es un robot aspirador y fregador 2 en 1 pensado para quienes buscan una solución de entrada accesible dentro de la gama de robots con función de lavado del fabricante. Con una potencia de aspiración de 15.000 Pa (el doble que la serie Roomba 105), aspira y friega en un solo recorrido, cubriendo hasta 84 m² por carga. Su lingette de lavado deportada y su cepillo lateral extendido le permiten limpiar a fondo a lo largo de rodapiés y esquinas. La navegación con tecnología ClearView LiDAR cartografía rápidamente el hogar desde el primer paso, asegurando una cobertura precisa. Cuando la batería está baja o finaliza la limpieza, el robot regresa automáticamente a su base para recargarse. Es compatible con control por voz a través de Alexa, Siri y Google Assistant, además de la app Roomba Home, y su configuración inicial requiere solo unos minutos con una conexión WiFi de 2,4 GHz. El mantenimiento es sencillo: basta con lavar la lingette cuando sea necesario y sustituir filtros y cepillos cada 3-6 meses.",https://www.electro-domesticos.com/produit/irobot-roomba-115-combo-robot-aspirador-y-fregador-1,https://www.electro-domesticos.com/electro-products/products/1789412932442-640561.webp,,in_stock,80.00 EUR,iRobot,,Roomba 115 Combo,new,aspirateur,
42,iRobot Roomba 115 Combo+ Robot aspirador y fregador,"El Roomba 115 Combo+ de iRobot es un robot aspirador y fregador 2 en 1 que combina una potencia de succión de 15 kPa (el doble que la serie Roomba 105) con una función de fregado en el mismo recorrido, cubriendo hasta 84 m² por carga. Su cepillo lateral extendido y su paño de fregado extraíble le permiten llegar hasta los rodapiés y las esquinas, dejando los suelos impecables incluso en zonas de difícil acceso. Gracias a la tecnología ClearView LiDAR, el robot mapea rápidamente el hogar para una navegación precisa y eficiente. Tras cada limpieza, la Base AutoEmpty recoge automáticamente la suciedad en una bolsa AllergenLock de 2,5 litros, permitiendo hasta 3 meses de autonomía sin necesidad de vaciar el depósito manualmente. Su acabado en blanco y su diseño compacto lo convierten en una solución práctica para mantener el hogar limpio con el mínimo esfuerzo.",https://www.electro-domesticos.com/produit/irobot-roomba-115-combo-robot-aspirador-y-fregador,https://www.electro-domesticos.com/electro-products/products/1789412710012-500996.webp,,in_stock,100.00 EUR,iRobot,,Roomba 115 Combo+,new,aspirateur,
7,oneConcept All-You-Can-Eat Horno doble eléctrico con grill,"El horno doble oneConcept All-You-Can-Eat es un electrodoméstico versátil con dos espacios de cocción independientes (28 L y 14 L, 42 L en total), ideal para preparar menús completos al mismo tiempo. Incluye un asador giratorio para cocinar pollo de forma uniforme y una placa de grill en la parte superior para asar carnes y verduras. Cada compartimento cuenta con su propio temporizador y bandeja recogemigas, mientras que la temperatura del compartimento inferior se regula mediante un termostato ajustable entre 60 °C y 240 °C. Su gran ventana frontal permite vigilar la cocción en todo momento, y su acabado en acero inoxidable le da un aspecto resistente y moderno. Es una solución práctica tanto para el uso doméstico diario como para reuniones familiares o eventos al aire libre.",https://www.electro-domesticos.com/produit/oneconcept-all-you-can-eat-horno-doble-electrico-con-grill,https://www.electro-domesticos.com/electro-products/products/1789372699845-540810.webp,https://www.electro-domesticos.com/electro-products/products/1789372700075-67049.webp,in_stock,150.00 EUR,oneConcept,4260365799100,All-You-Can-Eat (GQ3-ALL-YOU-CAN-EAT),new,four-plaque,
