id,name,slug,category,categoryName,price,oldPrice,badge,rating,reviews,stock,brand,gtin,mpn,features,description,specs
"1","Lavadora Inverter Pro 9kg","lave-linge-inverter-pro-9kg","lave-linge","Lavadora","549.99","649.99","bestseller","4.8","234","10","Electrodomésticos","8412345600012","LL-IP9KG","Motor Inverter | Clase A+++ | 60×60cm | 1200 rpm | 15 programas","Una lavadora que no te despierta. El motor inverter funciona sin escobillas: menos ruido, menos consumo, más fiabilidad. Un 40% de ahorro frente a los modelos clásicos, y la ropa sale siempre limpia.","{""Capacidad"":""9 kg"",""Velocidad de centrifugado"":""1200 rpm"",""Clase energética"":""A+++"",""Dimensiones"":""60 × 60 × 85 cm"",""Ruido de lavado"":""47 dB"",""Programas"":""15""}"
"2","Refrigerador conectado NoFrost 360L","refrigerateur-connecte-nofrost-360l","refrigerateur","Refrigeradores","899.99","","new","4.9","187","8","Electrodomésticos","8412345600029","RF-CN360","NoFrost | Pantalla táctil | Seguimiento de alimentos | WiFi | Clase A++","Un refrigerador que te recuerda comprar huevos. La pantalla táctil y la aplicación móvil hacen un seguimiento de tus alimentos en tiempo real. Sin escarcha, sin sorpresas desagradables. La temperatura se mantiene uniforme en todo el interior.","{""Capacidad total"":""360 L"",""Capacidad del congelador"":""95 L"",""Clase energética"":""A++"",""Dimensiones"":""60 × 65 × 185 cm"",""Conectividad"":""WiFi / App"",""Tecnología"":""NoFrost Doble Flujo""}"
"3","Lavavajillas ECO Silence 60cm","lave-vaisselle-eco-silence-60cm","lave-vaisselle","Lavavajillas","429.99","499.99","bestseller","4.7","156","12","Electrodomésticos","8412345600036","LD-ES60","Clase A++ | 44 dB | 14 cubiertos | 6 programas | Secado natural","Te olvidas de que está funcionando. El lavavajillas ECO Silence trabaja a 44 dB: apenas el ruido de una biblioteca. Los programas ECO consumen menos agua y energía, sin sacrificar los resultados.","{""Capacidad"":""14 cubiertos"",""Clase energética"":""A++"",""Nivel de ruido"":""44 dB"",""Dimensiones"":""60 × 60 × 85 cm"",""Programas"":""6 + 3 exprés"",""Secado"":""Aerotérmico""}"
"4","Horno empotrable de pirólisis 71L","four-encastable-pyrolyse-71l","four-plaque","Hornos y Placas","799.99","","","4.6","98","6","Electrodomésticos","8412345600043","FO-PY71","Pirólisis | 71 litros | Vapor | Termómetro | Clase A","71 litros dan mucho de sí. La pirólisis lo limpia todo a alta temperatura: solo tienes que pasar un paño al final. La función vapor conserva los nutrientes de tus platos. Un horno para quienes cocinan de verdad.","{""Capacidad"":""71 L"",""Clase energética"":""A"",""Potencia"":""3500 W"",""Funciones"":""8 + pirólisis"",""Dimensiones"":""60 × 55 × 60 cm"",""Vapor"":""Sí""}"
"5","Microondas Sensor Grill 25L","micro-ondes-sensor-grill-25l","micro-ondes","Microondas","189.99","229.99","eco","4.5","312","20","Electrodomésticos","8412345600050","MO-SG25","Sensor de humedad | Grill 1000W | 25 litros | Descongelado automático | Diseño compacto","Sabe cuándo está caliente. El sensor de humedad mide el estado de tus alimentos y ajusta la potencia automáticamente. El grill de 1000W dora en unos minutos. Y sin platos que fregar después.","{""Capacidad"":""25 L"",""Potencia del microondas"":""900 W"",""Potencia del grill"":""1000 W"",""Programas"":""8 automáticos"",""Dimensiones"":""50 × 39 × 30 cm"",""Sensor"":""Humedad""}"
"6","Robot aspirador LiDAR Navigate","robot-aspirateur-lidar-navigate","aspirateur","Aspiradores y Robots","349.99","449.99","bestseller","4.8","445","15","Electrodomésticos","8412345600067","RB-LD360","LiDAR | Autonomía 180 min | Limpieza | App | Mapeo 3D","Cartografía tu hogar y aspira todo sin equivocarse. La tecnología LiDAR traza rutas precisas. Aspirado + limpieza en una sola pasada. 180 minutos de autonomía: incluso los pisos grandes quedan cubiertos.","{""Tecnología"":""LiDAR 3D"",""Autonomía"":""180 min"",""Potencia de aspiración"":""4000 Pa"",""Capacidad del depósito"":""450 ml (polvo) / 270 ml (agua)"",""Conectividad"":""WiFi / App / Alexa"",""Limpieza"":""Sí, 3 niveles""}"
"7","Freidora de aire Smart 5.5L","friteuse-air-smart-5-5l","petit-cuisine","Pequeños Electrodomésticos de Cocina","79.99","109.99","eco","4.7","678","25","Electrodomésticos","8412345600074","AF-SM55","80% menos de grasa | 10 programas | 5.5 litros | Pantalla táctil | Recirculación de aire","Patatas fritas crujientes sin la grasa. La recirculación de aire caliente hace el trabajo: un 80% menos de grasa. 10 programas para cocinar de todo, de la carne a las verduras. El más vendido de la categoría, y con razón.","{""Capacidad"":""5.5 L"",""Potencia"":""1700 W"",""Rango de temperatura"":""40-200°C"",""Programas"":""10 automáticos"",""Pantalla"":""Táctil LED"",""Dimensiones"":""33 × 33 × 38 cm""}"
"8","Placa de inducción Duo","plaque-cuisson-induction-duo","four-plaque","Hornos y Placas","329.99","","new","4.4","89","10","Electrodomésticos","8412345600081","PL-ID2","Inducción | 2 fuegos | Boost 3700W | Temporizador | Vidrio cerámico","El agua hierve en pocos segundos. El boost de 3700W acelera cualquier cocción. Dos fuegos para dos sartenes a la vez. Superficie de vidrio cerámico: resistente a los arañazos y de limpieza al instante.","{""Tipo"":""Inducción"",""Número de fuegos"":""2"",""Potencia máxima"":""3700 W (Boost)"",""Superficie"":""Vidrio cerámico"",""Dimensiones"":""59 × 35 cm"",""Mandos"":""Mando táctil""}"
"9","Aspirador inalámbrico Pro 250W","aspirateur-sans-fil-pro-250w","aspirateur","Aspiradores y Robots","279.99","","","4.6","203","18","Electrodomésticos","8412345600098","AS-PF250","250W | 60 min de autonomía | HEPA 13 | Cabezal motorizado | Ligero 2.8kg","250W de potencia, 60 minutos de autonomía, 2.8 kg en la mano. El filtro HEPA 13 captura el 99.97% de las partículas: ideal si eres alérgico. El cabezal motorizado limpia en cualquier rincón.","{""Potencia"":""250 W"",""Autonomía"":""60 min"",""Filtro"":""HEPA 13"",""Peso"":""2.8 kg"",""Capacidad del depósito"":""0.7 L"",""Carga (batería)"":""3.5 horas""}"
"10","Olla multiusos 6L 14 en 1","multicuiseur-6l-14-en-1","petit-cuisine","Pequeños Electrodomésticos de Cocina","119.99","149.99","bestseller","4.9","521","22","Electrodomésticos","8412345600104","MC-6L14","14 funciones | 6 litros | Programable | Olla de cocción lenta | Yogurtera","Catorce aparatos en uno solo. Guisos, arroz, yogures, postres al vapor: lo tiene todo. Programable: pones los ingredientes por la mañana y la cena está lista por la noche. Lo de 14 en 1 no es marketing. Es real.","{""Capacidad"":""6 L"",""Potencia"":""1000 W"",""Funciones"":""14"",""Programas"":""Preajustados + manual"",""Cocción"":""A presión / Normal / Vapor"",""Dimensiones"":""35 × 35 × 38 cm""}"
